1111;Сотовый телефон 4GOOD S600M 3G 6,0 IPS, 960*540, 8Gb, 1Gb RAM, 2Mp+0,3Mp;Мобильные телефоны;Сотовый телефон 4GOOD S600M 3G;sotoviy;5632;5120
65238;Сотовый телефон ALCATEL OT1016D Pure White 2sim;Мобильные телефоны;Сотовый телефон ALCATEL OT1016D Pure White;sotoviy;898;816
65414;Сотовый телефон ALCATEL OT1016D Volcano Black 2sim;Мобильные телефоны;Сотовый телефон ALCATEL OT1016D Volcano Black;sotoviy;898;816
65239;Сотовый телефон ALCATEL OT1035D Dark Chocolate 2sim;Мобильные телефоны;Сотовый телефон ALCATEL OT1035D Dark Chocolate;sotoviy;1804;1640
70291;mp3 трансмиттер INTEGO FM-111 ** Jack 3.5,USB;fm трансмиттеры;mp3 трансмиттер INTEGO FM-111 **;transmitter;825;750
58115;mp3 трансмиттер Neoline Bullet FM 1.4,SD,USB,12/24V;fm трансмиттеры;mp3 трансмиттер Neoline Bullet FM;transmitter;605;550
58116;mp3 трансмиттер Neoline Droid FM SD,USB;fm трансмиттеры;mp3 трансмиттер Neoline Droid FM;transmitter;418;380
58117;mp3 трансмиттер Neoline Ellipse FM SD,USB;fm трансмиттеры;mp3 трансмиттер Neoline Ellipse FM;transmitter;506;460
58112;mp3 трансмиттер Neoline Flex FM 1.4,SD,USB,12/24V;fm трансмиттеры;mp3 трансмиттер Neoline Flex FM;transmitter;528;480
61222;СВЧ печь MYSTERY MMW-2009G гриль,20л.;Техника для кухни;СВЧ печь MYSTERY MMW-2009G;kuhni;4268;3880
60273;СВЧ печь MYSTERY MMW-2012 800Вт, 20л, механика, белая;Техника для кухни;СВЧ печь MYSTERY MMW-2012;kuhni;3894;3540
65757;СВЧ печь MYSTERY MMW-2013 800Вт, 20л, механика, белая;Техника для кухни;СВЧ печь MYSTERY MMW-2013;kuhni;3894;3540
65578;СВЧ печь MYSTERY MMW-2015G 700Вт, 20л, гриль, тактовое упр., белая;Техника для кухни;СВЧ печь MYSTERY MMW-2015G;kuhni;4950;4500
60274;СВЧ печь MYSTERY MMW-2016G гриль, чёрная;Техника для кухни;СВЧ печь MYSTERY MMW-2016G;kuhni;4796;4360
66624;СВЧ печь MYSTERY MMW-2020G 800Вт, 20л, гриль, механика;Техника для кухни;СВЧ печь MYSTERY MMW-2020G;kuhni;4246;3860
74028;СВЧ печь MYSTERY MMW-2021G black/red 800Вт, 20л , 1200Вт-гриль, сенсор.;Техника для кухни;СВЧ печь MYSTERY MMW-2021G black/red;kuhni;5599;5090
60275;СВЧ печь MYSTERY MMW-2022G гриль, нержавейка, тактовая;Техника для кухни;СВЧ печь MYSTERY MMW-2022G;kuhni;4851;4410
62744;СВЧ печь MYSTERY MMW-2024 нержавейка,20 л., 800 Вт;Техника для кухни;СВЧ печь MYSTERY MMW-2024;kuhni;4362;3965
70913;СВЧ печь MYSTERY MMW-2026G 800Вт, 20л, гриль,сенсор., белая;Техника для кухни;СВЧ печь MYSTERY MMW-2026G;kuhni;4829;4390
66285;СВЧ печь MYSTERY MMW-2308G гриль,900Вт, 23л, серебристая, механика;Техника для кухни;СВЧ печь MYSTERY MMW-2308G;kuhni;5389;4899
62084;СВЧ печь ROLSEN MG1770MC гриль, механика, 17л;Техника для кухни;СВЧ печь ROLSEN MG1770MC;kuhni;4191;3810
62088;СВЧ печь ROLSEN MG1770MD гриль, механика, 17л;Техника для кухни;СВЧ печь ROLSEN MG1770MD;kuhni;4389;3990
69784;СВЧ печь ROLSEN MG1770ME 700 Вт, 17 литров,механика,гриль;Техника для кухни;СВЧ печь ROLSEN MG1770ME;kuhni;4378;3980
62090;СВЧ печь ROLSEN MG1770MH гриль, механика, 17л;Техника для кухни;СВЧ печь ROLSEN MG1770MH;kuhni;4367;3970
66667;СВЧ печь ROLSEN MG1770MPB гриль, механика, 17л;Техника для кухни;СВЧ печь ROLSEN MG1770MPB;kuhni;4179;3799
64230;СВЧ печь ROLSEN MG1770SH гриль, сенсор, 17л;Техника для кухни;СВЧ печь ROLSEN MG1770SH;kuhni;4477;4070
62092;СВЧ печь ROLSEN MG1770TO гриль, тактовая, 17л;Техника для кухни;СВЧ печь ROLSEN MG1770TO;kuhni;4285;3895
66675;СВЧ печь ROLSEN MG2080MA гриль, механика, 20л;Техника для кухни;СВЧ печь ROLSEN MG2080MA;kuhni;4455;4050
66676;СВЧ печь ROLSEN MG2080MB гриль, механика, 20л;Техника для кухни;СВЧ печь ROLSEN MG2080MB;kuhni;4565;4150
72075;LED телевизор Telefunken TF-LED22S30 черный 22/1920*1080/1*HDMI/1*USB;Телевизоры;LED телевизор Telefunken TF-LED22S30;TV;8459;7690
72195;LED телевизор Telefunken TF-LED24S14T2 черный 24/1366*768/DVB-T2/1*HDMI/1*USB;Телевизоры;LED телевизор Telefunken TF-LED24S14T2 черный;TV;9559;8690
71119;LED телевизор Telefunken TF-LED24S30 черный  24/1366*768/1*HDMI/1*USB;Телевизоры;LED телевизор Telefunken TF-LED24S30 черный;TV;9119;8290
71668;LED телевизор Telefunken TF-LED24S38T2 белый 24/1366*768/2*HDMI/1*USB;Телевизоры;LED телевизор Telefunken TF-LED24S38T2 белый;TV;9889;8990
71585;LED телевизор Telefunken TF-LED28S19 черный 28/1366*768/2*HDMI/1*USB;Телевизоры;LED телевизор Telefunken TF-LED28S19;TV;11209;10190
70884;LED телевизор Thomson T22D16DF-01B 22/1920*1080/DVB-T2/3*HDMI/1*USB;Телевизоры;LED телевизор Thomson T22D16DF-01B;TV;9229;8390
70885;LED телевизор Thomson T24E14DF-01B 24/1920*1080/DVB-T2/1*HDMI/1*USB;Телевизоры;LED телевизор Thomson T24E14DF-01B;TV;10659;9690
72668;LED телевизор Thomson T24E20DF-01B 24/1920*1080/DVB-T2/1*HDMI/1*USB;Телевизоры;LED телевизор Thomson T24E20DF-01B;TV;10879;9890
73718;LED телевизор Thomson T24E20DH-01B 24/1366*768/DVB-T2/1*HDMI/1*USB;Телевизоры;LED телевизор Thomson T24E20DH-01B;TV;10329;9390
70886;LED телевизор Thomson T28D15DH-01B 28/1366*768/DVB-T2/3*HDMI/1*USB;Телевизоры;LED телевизор Thomson T28D15DH-01B;TV;11539;10490
73890;LED телевизор Akai LEA-32L41P 32/;Телевизоры;LED телевизор Akai LEA-32L41P;TV;12859;11690
73277;LED телевизор Akai LEA-32L42GS 32/DVB-T2;Телевизоры;LED телевизор Akai LEA-32L42GS;TV;12859;11690
71480;LED телевизор Akai LEA-32P37P 32/1366*768/1*HDMI/1*USB;Телевизоры;LED телевизор Akai LEA-32P37P;TV;11539;10490
73278;LED телевизор Akira 32LED01T2M 32/DVB-T2;Телевизоры;LED телевизор Akira 32LED01T2M;TV;12089;10990
70860;LED телевизор Akira 32LED38T2P 32/1366*768/DVB-T2/3*HDMI/1*USB;Телевизоры;LED телевизор Akira 32LED38T2P;TV;12089;10990
71739;LED телевизор Erisson 32LES76T2 32/1366*768/DVB-T2/2*HDMI/1*USB;Телевизоры;LED телевизор Erisson 32LES76T2;TV;12529;11390
72546;LED телевизор Erisson 32LES78T2W  32/белый;Телевизоры;LED телевизор Erisson 32LES78T2W;TV;12859;11690
70817;LED телевизор Fusion FLTV-32K11 32/1366*768/2*HDMI/1*USB;Телевизоры;LED телевизор Fusion FLTV-32K11;TV;12089;10990
70818;LED телевизор Fusion FLTV-32T21 32/1366*768/DVB-T2/2*HDMI/1*USB;Телевизоры;LED телевизор Fusion FLTV-32T21;TV;12749;11590
70898;LED телевизор JVC LT-32M340 32/1366*768/DVB-T2/2*HDMI/1*USB;Телевизоры;LED телевизор JVC LT-32M340;TV;14289;12990
70899;LED телевизор JVC LT-32M340W 32/1366*768/DVB-T2/2*HDMI/1*USB/белый;Телевизоры;LED телевизор JVC LT-32M340W;TV;14839;13490
70900;LED телевизор JVC LT-32M345 32/1366*768/DVB-T2/2*HDMI/1*USB;Телевизоры;LED телевизор JVC LT-32M345;TV;14839;13490
70901;LED телевизор JVC LT-32M540 32/1366*768/DVB-T2/Wi-Fi/1*HDMI/2*USB;Телевизоры;LED телевизор JVC LT-32M540;TV;16929;15390
71151;LED телевизор LG 32LF580V 32/1920*1080/LG Smart/DVB-T2/3*HDMI/3*USB;Телевизоры;LED телевизор LG 32LF580V;TV;24959;22690
71838;LED телевизор LG 32LH510U 32/1366*768/DVB-T2/1*HDMI/1*USB;Телевизоры;LED телевизор LG 32LH510U;TV;17259;15690
71299;LED телевизор LG 32LH519U 32/1366*768/DVB-T2/1*HDMI/1*USB;Телевизоры;LED телевизор LG 32LH519U;TV;18249;16590
72649;LED телевизор LG 32LH533V 32/1920*1080/DVB-T2/3*HDMI/3*USB;Телевизоры;LED телевизор LG 32LH533V;TV;19569;17790
70912;LED телевизор Mystery MTV-3223LT2 Black 32/1366*768/DVB-T2/2*HDMI/1*USB;Телевизоры;LED телевизор Mystery MTV-3223LT2 Black;TV;13519;12290
73272;LED телевизор Mystery MTV-3223LW 32/1366*768/2*HDMI/1*USB;Телевизоры;LED телевизор Mystery MTV-3223LW;TV;12639;11490
73273;LED телевизор Mystery MTV-3227LT2 32/;Телевизоры;LED телевизор Mystery MTV-3227LT2;TV;13189;11990
73140;LED телевизор Mystery MTV-3229LTA2 Black 32/1366*768/DVB-T2/Wi-Fi/1*HDMI/2*USB;Телевизоры;LED телевизор Mystery MTV-3229LTA2 Black;TV;15389;13990
73139;LED телевизор Mystery MTV-3229LTA2 White 32/1366*768/DVB-T2/Wi-Fi/1*HDMI/2*USB/белый;Телевизоры;LED телевизор Mystery MTV-3229LTA2 White;TV;15609;14190
70924;LED телевизор Mystery MTV-3230LW 32/1366*768/2*HDMI/1*USB;Телевизоры;LED телевизор Mystery MTV-3230LW;TV;12639;11490
73764;LED телевизор Mystery MTV-3231LTA2 32/1366*768/DVB-T2/Android/Wi-Fi/2*HDMI/2*USB;Телевизоры;LED телевизор Mystery MTV-3231LTA2;TV;15939;14490
73295;LED телевизор Philips 32PFT4101/60 32/1920*1080/DVB-T2/2*HDMI/1*USB;Телевизоры;LED телевизор Philips 32PFT4101/60;TV;17039;15490
70982;LED телевизор Philips 32PHT4101/60 32/1366*768/DVB-T2/2*HDMI/1*USB;Телевизоры;LED телевизор Philips 32PHT4101/60;TV;15939;14490
70983;LED телевизор Philips 32PHT4201/60 32/1366*768/DVB-T2/2*HDMI/1*USB;Телевизоры;LED телевизор Philips 32PHT4201/60;TV;15939;14490
70848;LED телевизор Supra STV-LC32T440WL 32/1366*768/DVB-T2/3*HDMI/1*USB;Телевизоры;LED телевизор Supra STV-LC32T440WL;TV;13849;12590
73629;LED телевизор Supra STV-LC32T560WL 32/1366*768/DVB-T2/3*HDMI/1*USB;Телевизоры;LED телевизор Supra STV-LC32T560WL;TV;13519;12290
73105;LED телевизор Telefunken TF-LED32S17T2 черный  32/1366*768/DVB-T2/2*HDMI/1*USB;Телевизоры;LED телевизор Telefunken TF-LED32S17T2 черный;TV;12639;11490
71122;LED телевизор Telefunken TF-LED32S19 черный 32/1366*768/2*HDMI/1*USB;Телевизоры;LED телевизор Telefunken TF-LED32S19;TV;12089;10990
72995;LED телевизор Telefunken TF-LED32S20T2 черный  32/1366*768/DVB-T2/2*HDMI/1*USB;Телевизоры;LED телевизор Telefunken TF-LED32S20T2 черный;TV;12639;11490
71167;LED телевизор Telefunken TF-LED32S21T2 белый 32/1366*768/DVB-T2/2*HDMI/1*USB;Телевизоры;LED телевизор Telefunken TF-LED32S21T2 белый;TV;13189;11990
71160;LED телевизор Telefunken TF-LED32S37T2 черный  32/1366*768/DVB-T2/2*HDMI/1*USB;Телевизоры;LED телевизор Telefunken TF-LED32S37T2 черный;TV;12639;11490
71798;LED телевизор Telefunken TF-LED32S38T2 белый 32/1366*768/DVB-T2/2*HDMI/1*USB;Телевизоры;LED телевизор Telefunken TF-LED32S38T2 белый;TV;13189;11990
72346;LED телевизор Telefunken TF-LED32S40T2 черный  32/1366*768/DVB-T2/2*HDMI/1*USB;Телевизоры;LED телевизор Telefunken TF-LED32S40T2 черный;TV;12419;11290
73735;LED телевизор Thomson T32D20DH-01B 32/;Телевизоры;LED телевизор Thomson T32D20DH-01B;TV;12419;11290
71689;LED телевизор Erisson 39LEC20T2 39/1366*768/DVB-T2/3*HDMI/1*USB;Телевизоры;LED телевизор Erisson 39LEC20T2;TV;17809;16190
71154;LED телевизор Erisson 39LES71T2 39/1366*768/DVB-T2/2*HDMI/1*USB;Телевизоры;LED телевизор Erisson 39LES71T2;TV;17809;16190
73369;LED телевизор Erisson 39LES76T2 39/1366*768/DVB-T2/2*HDMI/1*USB;Телевизоры;LED телевизор Erisson 39LES76T2;TV;17809;16190
71587;LED телевизор Telefunken TF-LED39S35T2 черный  39/1366*768/DVB-T2/3*HDMI/1*USB;Телевизоры;LED телевизор Telefunken TF-LED39S35T2 черный;TV;18645;16950
71672;LED телевизор Telefunken TF-LED39S6T2 черный  39/1366*768/DVB-T2/3*HDMI/1*USB;Телевизоры;LED телевизор Telefunken TF-LED39S6T2 черный;TV;18645;16950
73011;LED телевизор Thomson T39D20DH-01B 39/1366*768/DVB-T2/3*HDMI/1*USB;Телевизоры;LED телевизор Thomson T39D20DH-01B;TV;17479;15890
